Workbook
Name CO_1_26: 'Population Data'!$A$1:$F$84
Name Slicer_Demographic_area: #N/A
Name Slicer_Housing_Growth_2020_to_2024: #N/A
Name Slicer_Population_Growth_2020_to_2024: #N/A

Sheet PivotTable & Analyze
A4: Row Labels | B4: Sum of Housing Growth 2020 to 2024 | C4: Sum of Population Growth 2020 to 2024
A5: .Lake County, Michigan | B5: 0.01763867 | C5: 0.07497107
A6: .Montmorency County, Michigan | B6: -0.0004479785 | C6: 0.071755725
A7: .Keweenaw County, Michigan | B7: 0.029049296 | C7: 0.049538611
A8: .Crawford County, Michigan | B8: 0.02946376 | C8: 0.047124047
A9: .Antrim County, Michigan | B9: 0.019482739 | C9: 0.045865303
A10: .Oscoda County, Michigan | B10: 0.013195715 | C10: 0.04383728
A11: .Alcona County, Michigan | B11: 0.013829373 | C11: 0.043102602
A12: .Montcalm County, Michigan | B12: 0.020103204 | C12: 0.03982958
A13: .Kalkaska County, Michigan | B13: 0.017101399 | C13: 0.03842936
A14: .Otsego County, Michigan | B14: 0.0047096818 | C14: 0.037716332
A15: Grand Total | B15: 0.16412586 | C15: 0.49216991
A38: The Census Bureau has reviewed this data product to ensure appropriate access, use, and disclosure avoidance protection of the confidential source data used to produce this product (Data Management System (DMS) number: P-6000042 and P-7501659. Disclosure Review Board (DRB) approval number: CBDRB-FY25-0078).
A39: Note: The estimates are developed from a base that integrates the 2020 Census, Vintage 2020 estimates, and 2020 Demographic Analysis estimates. For population estimates methodology statements, see https://www.census.gov/programs-surveys/popest/technical-documentation/methodology.html. All geographic boundaries for the 2024 population estimates series are as of January 1, 2024.
A40: Suggested Citation:
A41: Annual Estimates of the Resident Population for Counties in Michigan: April 1, 2020 to July 1, 2024 (CO-EST2024-POP-26)
A42: Source: U.S. Census Bureau, Population Division
A43: Release Date: March 2025
A45: The Census Bureau has reviewed this data product to ensure appropriate access, use, and disclosure avoidance protection of the confidential source data used to produce this product (Data Management System (DMS) number: P-6000042 and P-7501659. Disclosure Review Board (DRB) approval number: CBDRB-FY25-0053).
A46: Note: The estimates are based on the 2020 Census and reflect changes to the April 1, 2020 population due to the Count Question Resolution program and geographic program revisions. The geographic boundaries for the 2024 housing unit estimates are as of January 1, 2024. For population and housing unit estimates methodology statements, see http://www.census.gov/programs-surveys/popest/technical-documentation/methodology.html.
A47: Suggested Citation:
A48: Annual Estimates of Housing Units for Counties in Michigan: April 1, 2020 to July 1, 2024 (CO-EST2024-HU-26)
A49: Source: U.S. Census Bureau, Population Division
A50: Release Date: May 2025

Sheet Population Data
A1: Demographic area | B1: 2020 | C1: 2021 | D1: 2022 | E1: 2023 | F1: 2024 | G1: Population Growth 2020 to 2024 | H1: Housing 2020 | I1: Housing 2021 | J1: Housing 2022 | K1: Housing 2023 | L1: Housing 2024 | M1: Housing Growth 2020 to 2024
A2: .Alcona County, Michigan | B2: 10185 | C2: 10285 | D2: 10375 | E2: 10513 | F2: 10624 | G2: =(F2-B2)/B2 -> 0.043102602 | H2: =VLOOKUP($A:$A,housing_data_power_query!$A:$F,2,FALSE) -> 10268 | I2: =VLOOKUP($A:$A,housing_data_power_query!$A:$F,3,FALSE) -> 10297 | J2: =VLOOKUP($A:$A,housing_data_power_query!$A:$F,4,FALSE) -> 10338 | K2: =VLOOKUP($A:$A,housing_data_power_query!$A:$F,5,FALSE) -> 10379 | L2: =VLOOKUP($A:$A,housing_data_power_query!$A:$F,6,FALSE) -> 10410 | M2: =(L2-H2)/H2 -> 0.013829373 | N2: =INDEX(A:A,MATCH(MAX(G:G),G:G,0)) -> .Lake County, Michigan
A3: .Alger County, Michigan | B3: 8839 | C3: 8770 | D3: 8767 | E3: 8740 | F3: 8695 | G3: =(F3-B3)/B3 -> -0.016291436 | H3: =VLOOKUP($A:$A,housing_data_power_query!$A:$F,2,FALSE) -> 6172 | I3: =VLOOKUP($A:$A,housing_data_power_query!$A:$F,3,FALSE) -> 6187 | J3: =VLOOKUP($A:$A,housing_data_power_query!$A:$F,4,FALSE) -> 6216 | K3: =VLOOKUP($A:$A,housing_data_power_query!$A:$F,5,FALSE) -> 6241 | L3: =VLOOKUP($A:$A,housing_data_power_query!$A:$F,6,FALSE) -> 6267 | M3: =(L3-H3)/H3 -> 0.015392093
A4: .Allegan County, Michigan | B4: 120661 | C4: 121055 | D4: 121262 | E4: 121874 | F4: 122429 | G4: =(F4-B4)/B4 -> 0.014652622 | H4: =VLOOKUP($A:$A,housing_data_power_query!$A:$F,2,FALSE) -> 51877 | I4: =VLOOKUP($A:$A,housing_data_power_query!$A:$F,3,FALSE) -> 52260 | J4: =VLOOKUP($A:$A,housing_data_power_query!$A:$F,4,FALSE) -> 52602 | K4: =VLOOKUP($A:$A,housing_data_power_query!$A:$F,5,FALSE) -> 53066 | L4: =VLOOKUP($A:$A,housing_data_power_query!$A:$F,6,FALSE) -> 53488 | M4: =(L4-H4)/H4 -> 0.031054224
A5: .Alpena County, Michigan | B5: 28879 | C5: 28933 | D5: 28813 | E5: 28870 | F5: 28903 | G5: =(F5-B5)/B5 -> 0.00083105371 | H5: =VLOOKUP($A:$A,housing_data_power_query!$A:$F,2,FALSE) -> 15646 | I5: =VLOOKUP($A:$A,housing_data_power_query!$A:$F,3,FALSE) -> 15662 | J5: =VLOOKUP($A:$A,housing_data_power_query!$A:$F,4,FALSE) -> 15681 | K5: =VLOOKUP($A:$A,housing_data_power_query!$A:$F,5,FALSE) -> 15703 | L5: =VLOOKUP($A:$A,housing_data_power_query!$A:$F,6,FALSE) -> 15735 | M5: =(L5-H5)/H5 -> 0.0056883549
A6: .Antrim County, Michigan | B6: 23460 | C6: 23877 | D6: 24296 | E6: 24466 | F6: 24536 | G6: =(F6-B6)/B6 -> 0.045865303 | H6: =VLOOKUP($A:$A,housing_data_power_query!$A:$F,2,FALSE) -> 17554 | I6: =VLOOKUP($A:$A,housing_data_power_query!$A:$F,3,FALSE) -> 17629 | J6: =VLOOKUP($A:$A,housing_data_power_query!$A:$F,4,FALSE) -> 17723 | K6: =VLOOKUP($A:$A,housing_data_power_query!$A:$F,5,FALSE) -> 17814 | L6: =VLOOKUP($A:$A,housing_data_power_query!$A:$F,6,FALSE) -> 17896 | M6: =(L6-H6)/H6 -> 0.019482739
A7: .Arenac County, Michigan | B7: 15009 | C7: 15023 | D7: 15115 | E7: 15152 | F7: 15087 | G7: =(F7-B7)/B7 -> 0.0051968819 | H7: =VLOOKUP($A:$A,housing_data_power_query!$A:$F,2,FALSE) -> 9505 | I7: =VLOOKUP($A:$A,housing_data_power_query!$A:$F,3,FALSE) -> 9520 | J7: =VLOOKUP($A:$A,housing_data_power_query!$A:$F,4,FALSE) -> 9547 | K7: =VLOOKUP($A:$A,housing_data_power_query!$A:$F,5,FALSE) -> 9565 | L7: =VLOOKUP($A:$A,housing_data_power_query!$A:$F,6,FALSE) -> 9578 | M7: =(L7-H7)/H7 -> 0.0076801683
A8: .Baraga County, Michigan | B8: 8141 | C8: 8231 | D8: 8194 | E8: 8222 | F8: 8169 | G8: =(F8-B8)/B8 -> 0.0034393809 | H8: =VLOOKUP($A:$A,housing_data_power_query!$A:$F,2,FALSE) -> 5052 | I8: =VLOOKUP($A:$A,housing_data_power_query!$A:$F,3,FALSE) -> 5065 | J8: =VLOOKUP($A:$A,housing_data_power_query!$A:$F,4,FALSE) -> 5072 | K8: =VLOOKUP($A:$A,housing_data_power_query!$A:$F,5,FALSE) -> 5085 | L8: =VLOOKUP($A:$A,housing_data_power_query!$A:$F,6,FALSE) -> 5097 | M8: =(L8-H8)/H8 -> 0.0089073634
A9: .Barry County, Michigan | B9: 62607 | C9: 63141 | D9: 63389 | E9: 63881 | F9: 64025 | G9: =(F9-B9)/B9 -> 0.022649225 | H9: =VLOOKUP($A:$A,housing_data_power_query!$A:$F,2,FALSE) -> 27397 | I9: =VLOOKUP($A:$A,housing_data_power_query!$A:$F,3,FALSE) -> 27572 | J9: =VLOOKUP($A:$A,housing_data_power_query!$A:$F,4,FALSE) -> 27796 | K9: =VLOOKUP($A:$A,housing_data_power_query!$A:$F,5,FALSE) -> 27983 | L9: =VLOOKUP($A:$A,housing_data_power_query!$A:$F,6,FALSE) -> 28116 | M9: =(L9-H9)/H9 -> 0.026243749
A10: .Bay County, Michigan | B10: 103747 | C10: 103116 | D10: 102754 | E10: 102774 | F10: 102651 | G10: =(F10-B10)/B10 -> -0.010564161 | H10: =VLOOKUP($A:$A,housing_data_power_query!$A:$F,2,FALSE) -> 48564 | I10: =VLOOKUP($A:$A,housing_data_power_query!$A:$F,3,FALSE) -> 48650 | J10: =VLOOKUP($A:$A,housing_data_power_query!$A:$F,4,FALSE) -> 48680 | K10: =VLOOKUP($A:$A,housing_data_power_query!$A:$F,5,FALSE) -> 48701 | L10: =VLOOKUP($A:$A,housing_data_power_query!$A:$F,6,FALSE) -> 48679 | M10: =(L10-H10)/H10 -> 0.0023680092
A11: .Benzie County, Michigan | B11: 17993 | C11: 18240 | D11: 18336 | E11: 18460 | F11: 18520 | G11: =(F11-B11)/B11 -> 0.029289168 | H11: =VLOOKUP($A:$A,housing_data_power_query!$A:$F,2,FALSE) -> 12115 | I11: =VLOOKUP($A:$A,housing_data_power_query!$A:$F,3,FALSE) -> 12200 | J11: =VLOOKUP($A:$A,housing_data_power_query!$A:$F,4,FALSE) -> 12305 | K11: =VLOOKUP($A:$A,housing_data_power_query!$A:$F,5,FALSE) -> 12448 | L11: =VLOOKUP($A:$A,housing_data_power_query!$A:$F,6,FALSE) -> 12573 | M11: =(L11-H11)/H11 -> 0.037804375
A12: .Berrien County, Michigan | B12: 154426 | C12: 153598 | D12: 153064 | E12: 152651 | F12: 152703 | G12: =(F12-B12)/B12 -> -0.011157448 | H12: =VLOOKUP($A:$A,housing_data_power_query!$A:$F,2,FALSE) -> 76846 | I12: =VLOOKUP($A:$A,housing_data_power_query!$A:$F,3,FALSE) -> 77028 | J12: =VLOOKUP($A:$A,housing_data_power_query!$A:$F,4,FALSE) -> 77284 | K12: =VLOOKUP($A:$A,housing_data_power_query!$A:$F,5,FALSE) -> 77495 | L12: =VLOOKUP($A:$A,housing_data_power_query!$A:$F,6,FALSE) -> 77754 | M12: =(L12-H12)/H12 -> 0.011815839
A13: .Branch County, Michigan | B13: 44878 | C13: 45209 | D13: 44612 | E13: 45613 | F13: 46187 | G13: =(F13-B13)/B13 -> 0.029167966 | H13: =VLOOKUP($A:$A,housing_data_power_query!$A:$F,2,FALSE) -> 20766 | I13: =VLOOKUP($A:$A,housing_data_power_query!$A:$F,3,FALSE) -> 20807 | J13: =VLOOKUP($A:$A,housing_data_power_query!$A:$F,4,FALSE) -> 20855 | K13: =VLOOKUP($A:$A,housing_data_power_query!$A:$F,5,FALSE) -> 21214 | L13: =VLOOKUP($A:$A,housing_data_power_query!$A:$F,6,FALSE) -> 21251 | M13: =(L13-H13)/H13 -> 0.023355485
A14: .Calhoun County, Michigan | B14: 134219 | C14: 133905 | D14: 133475 | E14: 133505 | F14: 133785 | G14: =(F14-B14)/B14 -> -0.0032335213 | H14: =VLOOKUP($A:$A,housing_data_power_query!$A:$F,2,FALSE) -> 59510 | I14: =VLOOKUP($A:$A,housing_data_power_query!$A:$F,3,FALSE) -> 59552 | J14: =VLOOKUP($A:$A,housing_data_power_query!$A:$F,4,FALSE) -> 59617 | K14: =VLOOKUP($A:$A,housing_data_power_query!$A:$F,5,FALSE) -> 59666 | L14: =VLOOKUP($A:$A,housing_data_power_query!$A:$F,6,FALSE) -> 59730 | M14: =(L14-H14)/H14 -> 0.0036968577
... A84: .Wexford County, Michigan | B84: 33689 | C84: 33906 | D84: 34062 | E84: 34266 | F84: 34460 | G84: =(F84-B84)/B84 -> 0.022885808 | H84: =VLOOKUP($A:$A,housing_data_power_query!$A:$F,2,FALSE) -> 16425 | I84: =VLOOKUP($A:$A,housing_data_power_query!$A:$F,3,FALSE) -> 16486 | J84: =VLOOKUP($A:$A,housing_data_power_query!$A:$F,4,FALSE) -> 16580 | K84: =VLOOKUP($A:$A,housing_data_power_query!$A:$F,5,FALSE) -> 16688 | L84: =VLOOKUP($A:$A,housing_data_power_query!$A:$F,6,FALSE) -> 16807 | M84: =(L84-H84)/H84 -> 0.02325723
A90: The Census Bureau has reviewed this data product to ensure appropriate access, use, and disclosure avoidance protection of the confidential source data used to produce this product (Data Management System (DMS) number: P-6000042 and P-7501659. Disclosure Review Board (DRB) approval number: CBDRB-FY25-0078).
A91: Note: The estimates are developed from a base that integrates the 2020 Census, Vintage 2020 estimates, and 2020 Demographic Analysis estimates. For population estimates methodology statements, see https://www.census.gov/programs-surveys/popest/technical-documentation/methodology.html. All geographic boundaries for the 2024 population estimates series are as of January 1, 2024.
A92: Suggested Citation:
A93: Annual Estimates of the Resident Population for Counties in Michigan: April 1, 2020 to July 1, 2024 (CO-EST2024-POP-26)
A94: Source: U.S. Census Bureau, Population Division
A95: Release Date: March 2025

Sheet housing_data_power_query
A1: Column1 | B1: Column2 | C1: Column3 | D1: Column4 | E1: Column5 | F1: Column6
A2: Demographic Area | B2: 2020 | C2: 2021 | D2: 2022 | E2: 2023 | F2: 2024
A3: .Alcona County, Michigan | B3: 10268 | C3: 10297 | D3: 10338 | E3: 10379 | F3: 10410
A4: .Alger County, Michigan | B4: 6172 | C4: 6187 | D4: 6216 | E4: 6241 | F4: 6267
A5: .Allegan County, Michigan | B5: 51877 | C5: 52260 | D5: 52602 | E5: 53066 | F5: 53488
A6: .Alpena County, Michigan | B6: 15646 | C6: 15662 | D6: 15681 | E6: 15703 | F6: 15735
A7: .Antrim County, Michigan | B7: 17554 | C7: 17629 | D7: 17723 | E7: 17814 | F7: 17896
A8: .Arenac County, Michigan | B8: 9505 | C8: 9520 | D8: 9547 | E8: 9565 | F8: 9578
A9: .Baraga County, Michigan | B9: 5052 | C9: 5065 | D9: 5072 | E9: 5085 | F9: 5097
A10: .Barry County, Michigan | B10: 27397 | C10: 27572 | D10: 27796 | E10: 27983 | F10: 28116
A11: .Bay County, Michigan | B11: 48564 | C11: 48650 | D11: 48680 | E11: 48701 | F11: 48679
A12: .Benzie County, Michigan | B12: 12115 | C12: 12200 | D12: 12305 | E12: 12448 | F12: 12573
A13: .Berrien County, Michigan | B13: 76846 | C13: 77028 | D13: 77284 | E13: 77495 | F13: 77754
... A86: Total | B86: 4575143 | C86: 4596900 | D86: 4622165 | E86: 4648158 | F86: 4670131
